topic_family,count
audio_voice_asr,12
computer_vision_architectures,3
data_centric_ai,3
data_governance,1
data_quality_label_errors,1
data_quality_leakage,1
data_quality_provenance,17
data_validation,3
dataset_documentation,1
dataset_tooling,1
dataset_versioning,1
deployment_mlops_tracking,16
diffusion_image_video_training,47
evaluation_benchmarking,13
feature_store,2
general_reference,32
generative_models_diffusion_flow,4
law_governance_rights,17
llm_post_training,40
ml_theory_foundations,21
monitoring_drift,2
optimization_training_dynamics,13
peft_adapters_quantization,43
rag_embeddings_retrieval,16
representation_learning_multimodal,2
self_supervised_learning,2
sequence_models,1
transformers_attention,1
vision_transformers,1
vlm_multimodal,6
weak_supervision,2
