pass_id,pack_number,pack_name,repo,node_id_class_type,display_name,category,schema_level,status,input_summary,output_summary,primary_use,models_or_dependencies,workflow_generation_policy,portable_default_candidate,requires_local_test,risk_tags,source_refs,notes
PASS_02I,47,ComfyUI Prompt Control,asagi4/comfyui-prompt-control,PCAddMaskToCLIP,PC: Attach Mask,promptcontrol/tools,schema_confirmed,active,clip CLIP; optional mask MASK,CLIP,Attach one mask to CLIP for IMASK prompt references,Prompt Control mask macros,guarded_generate_after_local_test,no,yes,"mask_prompting,clip_mutation",turn302file0,Advanced regional/masked prompt control path.
PASS_02I,47,ComfyUI Prompt Control,asagi4/comfyui-prompt-control,PCAddMaskToCLIPMany,PC: Attach Mask (multi),promptcontrol/tools,schema_confirmed,active,clip CLIP; optional mask1-mask4 MASK,CLIP,Attach multiple masks to CLIP for prompt macro references,Prompt Control mask macros,guarded_generate_after_local_test,no,yes,"mask_prompting,clip_mutation",turn302file0,Could support AIWF regional prompt experiments after local test.
PASS_02I,47,ComfyUI Prompt Control,asagi4/comfyui-prompt-control,PCExtractScheduledPrompt,PC: Extract Scheduled Prompt,promptcontrol/tools,schema_confirmed,active,text STRING; at FLOAT; tags STRING optional,STRING,Parse a scheduled prompt and output text active at a point,Prompt Control scheduler parser,safe_generate_utility,yes,yes,"prompt_schedule,debug_utility",turn302file0,Useful teaching/debug node; no model dependency.
PASS_02I,47,ComfyUI Prompt Control,asagi4/comfyui-prompt-control,PCMacroExpand,PC: Expand Macros,promptcontrol/tools,schema_confirmed,active,text STRING multiline,STRING,Expand DEF macros in Prompt Control text,Prompt Control macro parser,safe_generate_utility,yes,yes,"prompt_macros,debug_utility",turn302file0,Useful for inspecting complex prompt strings.
PASS_02I,47,ComfyUI Prompt Control,asagi4/comfyui-prompt-control,PCSetLogLevel,PC: Configure Logging (for debug),promptcontrol/tools,schema_confirmed,active,clip CLIP; level INFO/DEBUG/WARNING/ERROR,CLIP,Pass-through debug logging control,Prompt Control logging,rag_only_utility,no,no,"debug,ui_utility",turn302file0,Not needed in portable workflows unless debugging Prompt Control.
PASS_02I,47,ComfyUI Prompt Control,asagi4/comfyui-prompt-control,PCSetPCTextEncodeSettings,PC: Configure PCTextEncode,promptcontrol/tools,schema_confirmed,active,clip CLIP; mask size and SDXL width/height/crop/target ints,CLIP,Set Prompt Control defaults for mask and SDXL encoding metadata,SDXL prompt sizing settings,guarded_generate_after_local_test,no,yes,"sdxl,clip_mutation,prompt_settings",turn302file0,Important if using PCTextEncode with SDXL and masks.
PASS_02I,47,ComfyUI Prompt Control,asagi4/comfyui-prompt-control,PCTextEncode,PC: Text Encode (no scheduling),promptcontrol,schema_confirmed,active,clip CLIP; text STRING multiline,CONDITIONING,Encode prompt with Prompt Control syntax but without scheduling,Prompt Control parser/macros,guarded_generate_after_local_test,no,yes,"prompt_parser,conditioning",turn301file0,Good advanced teaching node after base CLIPTextEncode is understood.
PASS_02I,47,ComfyUI Prompt Control,asagi4/comfyui-prompt-control,PCTextEncodeWithRange,PC: Text Encode with Range (no scheduling),promptcontrol/tools,schema_confirmed,active,clip CLIP; text STRING; start/end FLOAT 0..1,CONDITIONING,Encode a prompt for a specified timestep range; useful with scheduled LoRA CLIP behavior,Prompt Control parser/macros,guarded_generate_after_local_test,no,yes,"prompt_parser,timestep_range,conditioning",turn301file0,Use only after exact range behavior is locally tested.
PASS_02I,47,ComfyUI Prompt Control,asagi4/comfyui-prompt-control,PROMPT_CONTROL_V3_EXTENSION,Prompt Control V3 extension,promptcontrol,module_inventory,active,Imports v3 modules base/hooks/tools/lazy/anima through ComfyExtension get_node_list,V3 node list,"Prompt scheduling, LoRA scheduling, regional prompt and advanced text encoding via prompt text",ComfyUI V3 API / comfy_api.latest,rag_only_until_workflow_smoke_test,no,yes,"v3_api,dynamic_graph,prompt_parser,advanced_prompting",turn273file0,"No NODE_CLASS_MAPPINGS; uses ComfyExtension entrypoint. Treat as modern extension, not legacy mapping pack."
