family,logical_path,extension,canonical_kept,removed_sources_count,removed_sources,unique_chunks_or_rows_added_to_canonical,final_unique_units_or_rows,method
AIWF-Project-Chat-Distribution-Roadmap,CHANGELOG.md,.md,CONTENT/AIWF-Project-Chat-Distribution-Roadmap-v0.6-cfg-denoise-inpaint-theory/AIWF-Project-Chat-Distribution-Roadmap/CHANGELOG.md,2,CONTENT/AIWF-Project-Chat-Distribution-Roadmap-v0.5-comfyui-core-api-subgraph/AIWF-Project-Chat-Distribution-Roadmap/CHANGELOG.md | CONTENT/AIWF-Project-Chat-Distribution-Roadmap-v0.3-rag-source-ledger/AIWF-Project-Chat-Distribution-Roadmap/CHANGELOG.md,2,12,canonical_text_plus_unique_chunks_from_removed_versions
AIWF-Project-Chat-Distribution-Roadmap,CHAT_HANDOFFS/13_rag_source_ledger_chat.md,.md,CONTENT/AIWF-Project-Chat-Distribution-Roadmap-v0.6-cfg-denoise-inpaint-theory/AIWF-Project-Chat-Distribution-Roadmap/CHAT_HANDOFFS/13_rag_source_ledger_chat.md,1,CONTENT/AIWF-Project-Chat-Distribution-Roadmap-v0.3-rag-source-ledger/AIWF-Project-Chat-Distribution-Roadmap/CHAT_HANDOFFS/13_rag_source_ledger_chat.md,15,41,canonical_text_plus_unique_chunks_from_removed_versions
AIWF-Project-Chat-Distribution-Roadmap,CROSS_CHAT_CHECKLIST.md,.md,CONTENT/AIWF-Project-Chat-Distribution-Roadmap-v0.6-cfg-denoise-inpaint-theory/AIWF-Project-Chat-Distribution-Roadmap/CROSS_CHAT_CHECKLIST.md,2,CONTENT/AIWF-Project-Chat-Distribution-Roadmap-v0.5-comfyui-core-api-subgraph/AIWF-Project-Chat-Distribution-Roadmap/CROSS_CHAT_CHECKLIST.md | CONTENT/AIWF-Project-Chat-Distribution-Roadmap-v0.3-rag-source-ledger/AIWF-Project-Chat-Distribution-Roadmap/CROSS_CHAT_CHECKLIST.md,3,24,canonical_text_plus_unique_chunks_from_removed_versions
AIWF-Project-Chat-Distribution-Roadmap,MASTER_DISTRIBUTION_ROADMAP.md,.md,CONTENT/AIWF-Project-Chat-Distribution-Roadmap-v0.6-cfg-denoise-inpaint-theory/AIWF-Project-Chat-Distribution-Roadmap/MASTER_DISTRIBUTION_ROADMAP.md,2,CONTENT/AIWF-Project-Chat-Distribution-Roadmap-v0.5-comfyui-core-api-subgraph/AIWF-Project-Chat-Distribution-Roadmap/MASTER_DISTRIBUTION_ROADMAP.md | CONTENT/AIWF-Project-Chat-Distribution-Roadmap-v0.3-rag-source-ledger/AIWF-Project-Chat-Distribution-Roadmap/MASTER_DISTRIBUTION_ROADMAP.md,4,72,canonical_text_plus_unique_chunks_from_removed_versions
AIWF-Project-Chat-Distribution-Roadmap,PROJECT_CHAT_MAP.md,.md,CONTENT/AIWF-Project-Chat-Distribution-Roadmap-v0.6-cfg-denoise-inpaint-theory/AIWF-Project-Chat-Distribution-Roadmap/PROJECT_CHAT_MAP.md,2,CONTENT/AIWF-Project-Chat-Distribution-Roadmap-v0.5-comfyui-core-api-subgraph/AIWF-Project-Chat-Distribution-Roadmap/PROJECT_CHAT_MAP.md | CONTENT/AIWF-Project-Chat-Distribution-Roadmap-v0.3-rag-source-ledger/AIWF-Project-Chat-Distribution-Roadmap/PROJECT_CHAT_MAP.md,6,61,canonical_text_plus_unique_chunks_from_removed_versions
AIWF-Project-Chat-Distribution-Roadmap,README.md,.md,CONTENT/AIWF-Project-Chat-Distribution-Roadmap-v0.6-cfg-denoise-inpaint-theory/AIWF-Project-Chat-Distribution-Roadmap/README.md,2,CONTENT/AIWF-Project-Chat-Distribution-Roadmap-v0.5-comfyui-core-api-subgraph/AIWF-Project-Chat-Distribution-Roadmap/README.md | CONTENT/AIWF-Project-Chat-Distribution-Roadmap-v0.3-rag-source-ledger/AIWF-Project-Chat-Distribution-Roadmap/README.md,5,30,canonical_text_plus_unique_chunks_from_removed_versions
AIWF_Pip_Package_RAG_Starter,CHANGELOG.md,.md,CONTENT/AIWF_Pip_Package_RAG_Starter_v1_9/AIWF_Pip_Package_RAG_Starter_v1_9/CHANGELOG.md,1,CONTENT/AIWF_Pip_Package_RAG_Starter_v1_5/AIWF_Pip_Package_RAG_Starter_v1_5/CHANGELOG.md,0,21,canonical_text_plus_unique_chunks_from_removed_versions
AIWF_Pip_Package_RAG_Starter,PACKAGE_INDEX.md,.md,CONTENT/AIWF_Pip_Package_RAG_Starter_v1_9/AIWF_Pip_Package_RAG_Starter_v1_9/PACKAGE_INDEX.md,1,CONTENT/AIWF_Pip_Package_RAG_Starter_v1_5/AIWF_Pip_Package_RAG_Starter_v1_5/PACKAGE_INDEX.md,232,234,canonical_text_plus_unique_chunks_from_removed_versions
AIWF_Pip_Package_RAG_Starter,RAG_LOADER_NOTES.md,.md,CONTENT/AIWF_Pip_Package_RAG_Starter_v1_9/AIWF_Pip_Package_RAG_Starter_v1_9/RAG_LOADER_NOTES.md,1,CONTENT/AIWF_Pip_Package_RAG_Starter_v1_5/AIWF_Pip_Package_RAG_Starter_v1_5/RAG_LOADER_NOTES.md,0,13,canonical_text_plus_unique_chunks_from_removed_versions
AIWF_Pip_Package_RAG_Starter,README.md,.md,CONTENT/AIWF_Pip_Package_RAG_Starter_v1_9/AIWF_Pip_Package_RAG_Starter_v1_9/README.md,1,CONTENT/AIWF_Pip_Package_RAG_Starter_v1_5/AIWF_Pip_Package_RAG_Starter_v1_5/README.md,6,21,canonical_text_plus_unique_chunks_from_removed_versions
AIWF_Pip_Package_RAG_Starter,START_HERE.md,.md,CONTENT/AIWF_Pip_Package_RAG_Starter_v1_9/AIWF_Pip_Package_RAG_Starter_v1_9/START_HERE.md,1,CONTENT/AIWF_Pip_Package_RAG_Starter_v1_5/AIWF_Pip_Package_RAG_Starter_v1_5/START_HERE.md,11,26,canonical_text_plus_unique_chunks_from_removed_versions
AIWF_Pip_Package_RAG_Starter,TODO_RESEARCH_QUEUE.md,.md,CONTENT/AIWF_Pip_Package_RAG_Starter_v1_9/AIWF_Pip_Package_RAG_Starter_v1_9/TODO_RESEARCH_QUEUE.md,1,CONTENT/AIWF_Pip_Package_RAG_Starter_v1_5/AIWF_Pip_Package_RAG_Starter_v1_5/TODO_RESEARCH_QUEUE.md,2,4,canonical_text_plus_unique_chunks_from_removed_versions
AIWF_Pip_Package_RAG_Starter,maps/package_cluster_index.md,.md,CONTENT/AIWF_Pip_Package_RAG_Starter_v1_9/AIWF_Pip_Package_RAG_Starter_v1_9/maps/package_cluster_index.md,1,CONTENT/AIWF_Pip_Package_RAG_Starter_v1_5/AIWF_Pip_Package_RAG_Starter_v1_5/maps/package_cluster_index.md,0,46,canonical_text_plus_unique_chunks_from_removed_versions
AIWF_Pip_Package_RAG_Starter,package_cards_index.csv,.csv,CONTENT/AIWF_Pip_Package_RAG_Starter_v1_9/AIWF_Pip_Package_RAG_Starter_v1_9/package_cards_index.csv,1,CONTENT/AIWF_Pip_Package_RAG_Starter_v1_5/AIWF_Pip_Package_RAG_Starter_v1_5/package_cards_index.csv,0,246,csv_unique_row_union
AIWF_Pip_Package_RAG_Starter,package_source_index.csv,.csv,CONTENT/AIWF_Pip_Package_RAG_Starter_v1_9/AIWF_Pip_Package_RAG_Starter_v1_9/package_source_index.csv,1,CONTENT/AIWF_Pip_Package_RAG_Starter_v1_5/AIWF_Pip_Package_RAG_Starter_v1_5/package_source_index.csv,0,246,csv_unique_row_union
AIWF_Pip_Package_RAG_Starter,packages/huggingface_hub.md,.md,CONTENT/AIWF_Pip_Package_RAG_Starter_v1_9/AIWF_Pip_Package_RAG_Starter_v1_9/packages/huggingface_hub.md,1,CONTENT/AIWF_Pip_Package_RAG_Starter_v1_5/AIWF_Pip_Package_RAG_Starter_v1_5/packages/huggingface_hub.md,0,9,canonical_text_plus_unique_chunks_from_removed_versions
AIWF_Pip_Package_RAG_Starter,packages/llama-cpp-python.md,.md,CONTENT/AIWF_Pip_Package_RAG_Starter_v1_9/AIWF_Pip_Package_RAG_Starter_v1_9/packages/llama-cpp-python.md,1,CONTENT/AIWF_Pip_Package_RAG_Starter_v1_5/AIWF_Pip_Package_RAG_Starter_v1_5/packages/llama-cpp-python.md,0,10,canonical_text_plus_unique_chunks_from_removed_versions
AIWF_Pip_Package_RAG_Starter,packages/ollama.md,.md,CONTENT/AIWF_Pip_Package_RAG_Starter_v1_9/AIWF_Pip_Package_RAG_Starter_v1_9/packages/ollama.md,1,CONTENT/AIWF_Pip_Package_RAG_Starter_v1_5/AIWF_Pip_Package_RAG_Starter_v1_5/packages/ollama.md,0,9,canonical_text_plus_unique_chunks_from_removed_versions
AIWF_Pip_Package_RAG_Starter,packages/safetensors.md,.md,CONTENT/AIWF_Pip_Package_RAG_Starter_v1_9/AIWF_Pip_Package_RAG_Starter_v1_9/packages/safetensors.md,1,CONTENT/AIWF_Pip_Package_RAG_Starter_v1_5/AIWF_Pip_Package_RAG_Starter_v1_5/packages/safetensors.md,0,10,canonical_text_plus_unique_chunks_from_removed_versions
AIWF_Pip_Package_RAG_Starter,packages/transformers.md,.md,CONTENT/AIWF_Pip_Package_RAG_Starter_v1_9/AIWF_Pip_Package_RAG_Starter_v1_9/packages/transformers.md,1,CONTENT/AIWF_Pip_Package_RAG_Starter_v1_5/AIWF_Pip_Package_RAG_Starter_v1_5/packages/transformers.md,0,10,canonical_text_plus_unique_chunks_from_removed_versions
AIWF_Pip_Package_RAG_Starter,pip_package_inventory.csv,.csv,CONTENT/AIWF_Pip_Package_RAG_Starter_v1_9/AIWF_Pip_Package_RAG_Starter_v1_9/pip_package_inventory.csv,1,CONTENT/AIWF_Pip_Package_RAG_Starter_v1_5/AIWF_Pip_Package_RAG_Starter_v1_5/pip_package_inventory.csv,0,246,csv_unique_row_union
AIWF_Pip_Package_RAG_Starter,pip_package_inventory.md,.md,CONTENT/AIWF_Pip_Package_RAG_Starter_v1_9/AIWF_Pip_Package_RAG_Starter_v1_9/pip_package_inventory.md,1,CONTENT/AIWF_Pip_Package_RAG_Starter_v1_5/AIWF_Pip_Package_RAG_Starter_v1_5/pip_package_inventory.md,2,5,canonical_text_plus_unique_chunks_from_removed_versions
